"exercise_id","name"
1," 3/4 윗몸 일으키기"
2," 45° 측면 굽힘"
3," 에어바이크"
6," 교대로 발꿈치를 만지다"
7," 교대 측면 풀다운"
9," 보조 가슴 딥(무릎 꿇기)"
10," 던지기와 함께 무릎 들어올리기 지원"
11,"보조 매달리기 무릎 들어올리기"
12," 옆으로 던지기와 함께 보조된 누워 있는 다리 들어올리기"
13," 던지기와 함께 돕는 누워서 다리 들어올리기"
14," 보조 모션 러시안 트위스트"
15," 보조 평행 클로즈 그립 풀업"
16," 보조된 엎드린 햄스트링"
17," 보조 풀업"
18," 보조 스탠딩 트라이셉스 익스텐션 (타월 사용)"
19," 보조 삼두근 딥(무릎 꿇기)"
20,"밸런스 보드"
22," 바벨 풀오버를 눌러주세요"
23," 바벨 번갈아가며 바이셉스 컬"
35," 바벨 디클라인 클로즈 그립 투 스컬 프레스"
24," 바벨 벤치 프론트 스쿼트"
25," 바벨 벤치 프레스"
26," 바벨 벤치 스쿼트"
27," 바벨 벤트 오버 로우"
28," 바벨 클린 앤 프레스"
29," 바벨 클린그립 프런트 스쿼트"
30," 바벨 클로즈 그립 벤치 프레스"
31," 바벨 컬"
32," 바벨 데드리프트"
33," 바벨 디클라인 벤치 프레스"
34," 바벨 디클라인 벤트 암 풀오버"
36," 바벨 디클라인 와이드 그립 프레스"
37," 바벨 디클라인 와이드 그립 풀오버"
38," 바벨 드래그 컬"
39," 바벨 프런트 체스트 스쿼트"
40," 바벨 프런트 레이즈 앤 풀오버"
41," 바벨 프런트 레이즈"
48," 바벨 인클라인 리버스 그립 프레스"
42," 바벨 프런트 스쿼트"
43," 바벨 풀 스쿼트"
44," 바벨 굿모닝"
45," 바벨 길로틴 벤치 프레스"
46," 바벨 핵 스쿼트"
47," 바벨 인클라인 벤치 프레스"
49," 바벨 인클라인 로우"
50," 바벨 인클라인 숄더 레이즈"
51," 바벨 제퍼슨 스쿼트"
52," 바벨 jm 벤치 프레스"
53," 바벨 점프 스쿼트"
54," 바벨 런지"
55," 바벨 라이킹 클로즈 그립 프레스"
56," 바벨 라이킹 클로즈 그립 삼두근 익스텐션"
57," 바벨 라이딩 익스텐션"
58," 바벨 누워서 들어올리기 (엉덩이에)"
59," 바벨 라이잉 프리처 컬"
60," 바벨 라이딩 트라이셉스 익스텐션 스컬 크러셔"
61," 바벨 라이딩 트라이셉스 익스텐션"
63," 바벨 좁은 스탠스 스쿼트"
64," 바벨 한 팔 굽혀 로우"
65," 바벨 원암 플로어 프레스"
66," 바벨 원암 사이드 데드리프트"
67," 바벨 원암 스내치"
68," 바벨 원 레그 스쿼트"
69," 바벨 오버헤드 스쿼트"
70," 바벨 프리처 컬"
71," 바벨 프레스 싯업"
72," 바벨 프론 인클라인 컬"
73," 바벨 풀오버"
74," 바벨 랙 풀"
75," 바벨 리어 델트 레이즈"
76," 바벨 리어 델트 로우"
77," 바벨 리어런지 v.2"
78," 바벨 리어 런지"
79," 바벨 리버스 리스트 컬 v. 2"
105," 바벨 스탠딩 브래드포드 프레스"
80," 바벨 리버스 컬"
81," 바벨 리버스 프리처 컬"
82," 바벨 리버스 리스트 컬"
83," 벤치에서 바벨 롤러아웃"
84," 바벨 롤러아웃"
85," 바벨 루마니안 데드리프트"
86," 머리 뒤에 앉은 바벨 밀리터리 프레스"
87," 바벨 시티드 브래드포드 로키 프레스"
88," 바벨 시티드 카프 레이즈"
89," 바벨 시티드 클로즈 그립 컨센트레이션 컬"
90," 바벨 앉음 좋은 아침"
91," 바벨 시티드 오버헤드 프레스"
222,"케이블 사이드 벤드"
92," 바벨 앉은 자세 오버헤드 삼두근 확장"
94," 바벨 시티드 트위스트"
95," 바벨 슈러그"
96," 바벨 사이드 벤트 v. 2"
97," 바벨 사이드 스플릿 스쿼트 v. 2"
98," 바벨 사이드 스플릿 스쿼트"
99," 바벨 싱글 레그 스플릿 스쿼트"
100," 바벨 스키어"
101," 바벨 스피드 스쿼트"
102," 바벨 스쿼트(무릎 꿇고)"
103," 바벨 스탠딩 앱 롤러아웃"
104," 바벨 스탠딩 백 리스트 컬"
106,"바벨 스탠딩 클로즈 그립 컬"
107," 바벨 스탠딩 프런트 레이즈 오버 헤드"
108," 바벨 스탠딩 레그 카프 레이즈"
109," 바벨 스탠딩 오버헤드 트라이셉스 익스텐션"
110," 바벨 스탠딩 리버스 그립 컬"
111," 바벨 스탠딩 로킹 레그 카프 레이즈"
130," 벤치 힙 익스텐션"
112," 바벨 스탠딩 트위스트"
113," 바벨 스탠딩 와이드 그립 컬"
114," 바벨 스텝업"
115," 바벨 다리 뻣뻣함 좋은 아침"
116," 바벨 스트레이트 레그 데드리프트"
122," 바벨 와이드 벤치 프레스"
117," 바벨 스모 데드리프트"
118," 바벨 리버스 그립 벤트 오버 로우"
119," 바벨 업라이트 로우 v. 2"
120," 바벨 업라이트 로우"
121," 바벨 업라이트 로우 v. 3"
123," 바벨 와이드 그립 업라이트 로우"
124," 바벨 와이드 스쿼트"
125," 바벨 리스트 컬 v. 2"
126," 바벨 손목 컬"
127," 바벨 저처 스쿼트"
128," 로프 싸움"
129," 벤치딥(무릎 굽힘)"
137," 바디업"
138," 바텀업"
139," 이두근 좁은 풀업"
140," 이두근 풀업"
148," 케이블 교대 숄더 프레스"
149," 케이블 대체 삼두근 확장"
155," 케이블 크로스오버 변형"
150," 케이블 바 래터럴 풀다운"
151," 케이블 벤치 프레스"
152," 케이블 집중 확장(무릎 위)"
153," 케이블 크로스오버 래터럴 풀다운"
154," 케이블 크로스오버 리버스 플라이"
157," 케이블 데드리프트"
158," 케이블 디클라인 플라이"
159," 케이블 디클라인 시티드 와이드 그립 로우"
160," 케이블 플로어 시티드 와이드 그립 로우"
161," 케이블 앞으로 올리기"
162," 케이블 프런트 레이즈"
164," 케이블 프런트 숄더 레이즈"
165," 케이블 해머 컬(로프 포함)"
167," 케이블 하이 로우(무릎 꿇기)"
168," 케이블 엉덩이 외전"
169," 케이블 인클라인 벤치 프레스"
170," 케이블 인클라인 플라이(안정성 볼 위)"
171," 케이블 인클라인 플라이"
172," 케이블 인클라인 푸시다운"
173," 케이블 인클라인 트라이셉스 익스텐션"
174," 케이블 유도 플립"
175," 케이블 무릎 굽히기 크런치"
176," 케이블 무릎 꿇기 삼두근 확장"
177," 케이블 래터럴 풀다운 (로프 부착)"
178," 케이블 측면 상승"
179," 케이블 로우플라이"
180," 케이블 로우 시티드 로우"
182," 케이블 라이잉 클로즈 그립 컬"
184," 케이블 라이잉 익스텐션 풀오버(로프 부착 포함)"
185," 케이블 라이잉 플라이"
186," 케이블 라이잉 트라이셉스 익스텐션 v. 2"
188," 케이블 미들 플라이"
189," 케이블 한 팔을 구부리고 줄을 서다"
190," 케이블 원 암 컬"
191," 케이블 한 팔 측면 굽힘"
192," 케이블 원 암 래터럴 레이즈"
193," 케이블 한 팔을 똑바로 뒤로 높은 줄 (무릎 꿇기)"
194," 케이블 오버헤드 삼두근 익스텐션(로프 부착)"
195," 케이블 프리처 컬"
196," 케이블 풀 스루(로프 포함)"
197," 케이블 풀다운(프로 랫 바)"
198," 케이블 풀다운"
199," 케이블 푸쉬다운(스트레이트 암) v. 2"
200," 케이블 푸시다운(로프 부착)"
201," 케이블 푸시다운"
202," 케이블 리어 델트 로우(스티럽)"
259," 클로즈 그립 푸쉬업"
203," 케이블 리어 델트 로우 (로프 포함)"
204," 케이블 리어 드라이브"
205," 케이블 리어 풀다운"
206," 케이블 리버스 컬"
207," 케이블 리버스 그립 푸시다운"
221," 케이블 사이드 벤드 크런치(보수 볼)"
208," 케이블 리버스 그립 스트레이트 백 시티드 하이 로우"
209," 케이블 리버스 프리처 컬"
210," 케이블 리버스 리스트 컬"
211," 케이블 러시안 트위스트(안정성 볼)"
212," 케이블 시티드 크런치"
213," 케이블 좌석 하이 로우(V바)"
214," 케이블 좌석 한 팔 번갈아 가며 줄"
215," 케이블 좌석 후방 측면 상승"
216," 케이블 좌석 어깨 내부 회전"
218," 케이블 시티드 와이드 그립 로우"
219," 케이블 숄더 프레스"
220," 케이블 슈러그"
223," 케이블 사이드 크런치"
224," 케이블 스탠딩 백 리스트 컬"
225," 케이블 스탠딩 크로스오버 하이 리버스 플라이"
226," 케이블 스탠딩 크런치"
227," 케이블 스탠딩 플라이"
228," 케이블 스탠딩 힙 익스텐션"
229," 케이블 스탠딩 이너컬"
230," 케이블 스탠딩 리프트"
231," 케이블 스탠딩 원암 트라이셉스 익스텐션"
232," 케이블 스탠딩 풀다운(로프 포함)"
233," 케이블 스탠딩 리어 델트 로우 (로프 포함)"
234," 케이블 스탠딩 로우(V바)"
235," 케이블 스탠딩 어깨 외부 회전"
236," 케이블 스탠딩 트위스트 로우(V바)"
237," 케이블 스트레이트 암 풀다운 (로프 포함)"
238," 케이블 스트레이트 암 풀다운"
239," 케이블 스트레이트 백 시티드 로우"
286," 덤벨 번갈아 사이드 프레스"
240," 케이블 수파인 리버스 플라이"
241," 케이블 트라이셉스 푸쉬다운(V바)"
242," 케이블 턱 리버스 크런치"
243," 케이블 트위스트"
244," 케이블 꼬임 당김"
245," 케이블 언더핸드 풀다운"
246," 케이블 업라이트 로우"
247," 케이블 손목 컬"
248," 캠버드 바 라이잉 로우"
251," 가슴 딥"
253,"턱걸이 (좁은 평행 그립)"
257," 원 무릎 스트레칭"
258," 시계 푸쉬업"
260," 고치"
262," 크로스바디 크런치"
267," 크런치 (손을 머리 위로)"
271," 크런치(안정성 볼 위에서)"
272," 크런치(안정성 볼 위에서 팔을 쭉 뻗음)"
274," 크런치 플로어"
330," 덤벨 인클라인 트라이셉스 익스텐션"
276," 죽은 벌레"
277," 감소 크런치"
279," 디클라인 푸쉬업"
282," 거절하다 윗몸 일으키기"
283," 다이아몬드 푸쉬업"
284," 당나귀 송아지 키우기"
285," 덤벨 번갈아가며 바이셉스 컬"
287," 덤벨 아놀드 프레스 v.2"
288," 풀오버에 덤벨을 두르다"
289," 덤벨 벤치 프레스"
290," 덤벨 벤치 시티드 프레스"
291," 덤벨 벤치 스쿼트"
292,"덤벨 원암 벤트오버 로우"
311," 덤벨 풀캔 래터럴 레이즈"
293," 덤벨 굽힘 로우"
294," 덤벨 바이셉스 컬"
295," 덤벨 클린"
296," 덤벨 클로즈 그립 프레스"
297," 덤벨 컨센트레이션 컬"
459," 플러터킥"
298," 덤벨 크로스 바디 해머 컬"
299," 덤벨 쿠반 프레스"
300," 덤벨 데드리프트"
301," 덤벨 디클라인 벤치 프레스"
302," 덤벨 디클라인 플라이"
303," 덤벨 디클라인 해머 프레스"
304," 덤벨 디클라인 슈러그 v. 2"
305," 덤벨 디클라인 슈러그"
306," 덤벨 디클라인 트라이셉스 익스텐션"
307," 덤벨 디클라인 트위스트 플라이"
308," 덤벨 플라이"
309," 덤벨 프런트 레이즈 v. 2"
310," 덤벨 프런트 레이즈"
312," 덤벨 해머 컬 v. 2"
313," 덤벨 해머 컬"
314," 덤벨 인클라인 벤치 프레스"
315," 덤벨 인클라인 바이셉스 컬"
316," 덤벨 인클라인 브리딩"
329," 덤벨 인클라인 슈러그"
317," 덤벨 인클라인 컬 v. 2"
318," 덤벨 인클라인 컬"
319," 덤벨 인클라인 플라이"
320," 덤벨 인클라인 해머 컬"
321," 덤벨 인클라인 해머 프레스"
322," 덤벨 인클라인 이두근 컬"
323," 덤벨 인클라인 원 암 라테랄 레이즈"
324," 덤벨 인클라인 팜인 프레스"
325," 덤벨 인클라인 레이즈"
326," 덤벨 인클라인 리어 라테랄 레이즈"
327," 덤벨 인클라인 로우"
328," 덤벨 인클라인 숄더 레이즈"
331," 덤벨 인클라인 트위스트 플라이"
332," 덤벨 아이언크로스"
333," 덤벨 킥백"
334," 덤벨 래터럴 레이즈"
335," 덤벨 측면 앞으로 들어올리기"
336," 덤벨 런지"
337," 덤벨 라이딩 익스텐션(얼굴을 가로질러)"
338," 덤벨 라이킹 엘보우 프레스"
339," 덤벨 누워 대퇴부"
340," 덤벨 라이잉 해머 프레스"
341," 덤벨 누워 한쪽 팔 삼각근 뒤쪽"
342," 덤벨 라이킹 원 암 프레스 v. 2"
343," 덤벨 라이킹 원 암 프레스"
344," 덤벨을 한 팔에 얹고 삼두근을 폄"
345," 덤벨을 한쪽 팔에 놓고 뒤쪽 측면 들어올리기"
346," 덤벨을 한 팔에 얹고 삼두근을 쭉 뻗은 자세"
347," 덤벨 라이딩 프로네이션"
348," 덤벨 라이킹 리어 라테랄 레이즈"
349," 덤벨 누워서 외전"
350," 덤벨 누워서 앙와위로 컬"
351," 덤벨 라이킹 트라이셉스 익스텐션"
352," 덤벨 뉴트럴 그립 벤치 프레스"
353," 덤벨 원암 컨센트레이션 컬(안정성 볼 위에)"
354," 덤벨 원암 킥백"
355," 덤벨 원 암 래터럴 레이즈"
356," 덤벨 원 암 라테랄 레이즈 with 서포트"
358," 덤벨 원 암 리버스 리스트 컬"
359," 덤벨 원암 리버스 플라이 (지지대 포함)"
360," 덤벨 원암 숄더 프레스 v. 2"
361," 덤벨 원암 숄더 프레스"
362,"덤벨 원암 트라이셉스 익스텐션(벤치 위에서)"
363," 덤벨 원 암 업라이트 로우"
474," 똑바로 다리를 매달고 엉덩이 들어올리기"
364," 덤벨 원 암 손목 컬"
365," 덤벨 오버 벤치 뉴트럴 리스트 컬"
366," 덤벨을 벤치 위에 놓고 한쪽 팔로 중립적인 손목 컬을 합니다."
367," 덤벨을 벤치 위에 올리고 한 팔로 손목을 컬링"
368," 덤벨 오버 벤치 리버스 리스트 컬"
369," 덤벨 오버 벤치 리스트 컬"
375," 덤벨 풀오버"
370," 덤벨 피처 해머 컬"
371," 덤벨 플라이오 스쿼트"
372," 덤벨 프리처 컬"
373," 덤벨 프로네이트 그립 삼두근 익스텐션"
374," 덤벨 프론 인클라인 컬"
376," 덤벨 레이즈"
377," 덤벨 리어 델트 로우_어깨"
378," 덤벨 리어 플라이"
379," 덤벨 리어 래터럴 레이즈(서포트 헤드)"
380," 덤벨 리어 래터럴 레이즈"
381," 덤벨 리어런지"
520," 케틀벨 교대 프레스"
382," 덤벨 리버스 그립 바이셉스 컬"
383," 덤벨 리버스 플라이"
384," 덤벨 리버스 프리처 컬"
385," 덤벨 리버스 리스트 컬"
386," 덤벨 회전 역플라이"
387," 덤벨 앉은 자세에서 번갈아가며 앞으로 들어올리기"
388," 덤벨 시티드 어터지 프레스"
389," 덤벨 시티드 벤치 익스텐션"
390,"덤벨 시티드 바이셉스 컬(안정성 볼 위에)"
391," 덤벨 시티드 컬"
392," 덤벨 시티드 프런트 레이즈"
393," 덤벨 시티드 인너 바이셉스 컬"
394," 덤벨 시티드 킥백"
395," 덤벨 시티드 래터럴 레이즈 v. 2"
396," 덤벨 시티드 래터럴 레이즈"
397," 덤벨 앉은 자세 중립 손목 컬"
398," 덤벨 앉은 자세 한 팔 킥백"
399," 덤벨 앉은 자세 한 팔 회전"
400," 덤벨 앉은 자세에서 한쪽 다리로 송아지 들어올리기"
401," 덤벨 앉은 자세 손바닥을 위로 향하게 한 채 손목을 굽히다"
402," 덤벨 시티드 프리처 컬"
403," 덤벨 시티드 리버스 그립 컨센트레이션 컬"
404," 덤벨 시티드 숄더 프레스 (패러렐 그립)"
405," 덤벨 시티드 숄더 프레스"
406," 덤벨 슈러그"
407," 덤벨 사이드 벤드"
408," 덤벨 옆으로 누워서 한 손 들어올리기"
409," 덤벨 싱글 레그 카프 레이즈"
410," 덤벨 싱글 레그 스플릿 스쿼트"
411," 덤벨 싱글 레그 스쿼트"
413," 덤벨 스쿼트"
414," 덤벨 스탠딩 오버헤드 프레스"
415," 덤벨 스탠딩 어댑테이션 레이즈"
416," 덤벨 스탠딩 바이셉스 컬"
417," 덤벨 스탠딩 카프 레이즈"
418," 덤벨 스탠딩 컨센트레이션 컬"
419," 덤벨 서서 머리 위로 앞으로 들어올리기"
420," 덤벨 스탠딩 킥백"
421," 덤벨 스탠딩 원 암 컨센트레이션 컬"
445," ez 바벨 안티 그래비티 프레스"
422," 덤벨 스탠딩 원 암 컬(인클라인 벤치 위)"
423," 덤벨 스탠딩 원 암 익스텐션"
424," 덤벨을 들고 한 팔을 손바닥으로 눌러주세요"
425," 덤벨 스탠딩 원 암 리버스 컬"
426," 덤벨 스탠딩 오버헤드 프레스"
427," 덤벨 서서 손바닥을 프레스"
446," ez 바벨 클로즈 그립 컬"
428," 덤벨 스탠딩 프리처 컬"
429," 덤벨 스탠딩 리버스 컬"
430," 덤벨 스탠딩 트라이셉스 익스텐션"
431," 덤벨 스텝업"
432," 덤벨 스티프 레그 데드리프트"
433," 덤벨 스트레이트 암 풀오버"
434," 덤벨 스트레이트 레그 데드리프트"
436," 덤벨 테이트 프레스"
437," 덤벨 업라이트 로우"
438," 덤벨 W-프레스"
439," 덤벨 조트만 컬"
443," 팔꿈치에서 무릎까지"
447," ez 바벨 컬"
448," ez 바벨 디클라인 클로즈 그립 페이스 프레스"
449," ez 바벨 인클라인 트라이셉스 익스텐션"
450," ez 바벨 jm 벤치 프레스"
451," ez 바벨 리버스 그립 컬"
452," ez 바벨 리버스 그립 프리처 컬"
453," ez 바벨 시티드 트라이셉스 익스텐션"
454," ez 바벨 스파이더 컬"
455," 핑거 컬"
456," 굽은 다리 윗몸 일으키기 (무릎 굽힘)"
457," 굽힘 다리 윗몸 일으키기 (팔을 곧게 뻗음)"
458," 플로어 플라이(바벨 사용)"
464," 트위스트가 있는 프런트 플랭크"
466," 지론다 흉골 턱"
467," 고릴라 턱"
469," 사타구니 크런치"
471," 핸드스탠드 푸쉬업"
472," 매달린 다리 들어올리기"
473," 매달린 파이크"
475," 매달린 채로 다리를 들어올리다"
476," 똑바로 매달리고 다리를 꼬고 엉덩이를 들어올리다"
484," 엉덩이 들어올리기 (무릎 굽히기)"
488," 과신전(벤치 위에서)"
489," 과신전"
490," 인클라인 클로즈 그립 푸쉬업"
491," 인클라인 레그 힙 레이즈 (다리를 쭉 뻗음)"
492," 인클라인 푸쉬업 뎁스 점프"
493," 인클라인 푸쉬업"
494," 인클라인 리버스 그립 푸쉬업"
495," 기울기 비틀기 윗몸 일으키기"
496," 역 레그 컬(벤치 서포트)"
497," 역행렬 v. 2"
498," 스트랩이 달린 역행"
499," 역행렬"
500," 아이소메트릭 와이퍼"
501," 잭 버피"
507," 잭나이프 시트업"
508," 잔다 시트업"
513," 점프 스쿼트 v.2"
514," 점프 스쿼트"
517," 케틀벨 어드밴스드 윈드밀"
518," 케틀벨 번갈아 가며 행 클린"
519," 바닥에 케틀벨 번갈아 가며 프레스"
521," 케틀벨 교대 레니게이드 로우"
522," 케틀벨 교대 로우"
523," 케틀벨 아놀드 프레스"
524," 케틀벨 벤트 프레스"
525," 케틀벨은 매달린 자세에서 바닥까지 깨끗하게 올라갑니다."
526," 케틀벨 더블 교대 행 클린"
527," 케틀벨 더블 저크"
528," 케틀벨 더블 푸쉬 프레스"
529," 케틀벨 더블 스내치"
530," 케틀벨 더블 윈드밀"
531," 케틀벨 확장 범위 바닥에서 한 팔로 프레스"
532," 케틀벨 8자세"
533," 케틀벨 프런트 스쿼트"
534," 케틀벨 고블릿 스쿼트"
535," 케틀벨 행 클린"
541," 케틀벨 원암로우"
536," 케틀벨 런지 패스 스루"
537," 케틀벨 원암 클린 앤 저크"
538," 케틀벨 원암 저크"
539," 케틀벨 원암 밀리터리 프레스 투 사이드"
540," 케틀벨 원암 푸시 프레스"
553," 케틀벨 투암 밀리터리 프레스"
542," 케틀벨 원암 스내치"
543," 케틀벨 해적 만찬 다리"
544," 케틀벨 피스톨 스쿼트"
545," 케틀벨 플라이오 푸쉬업"
546," 케틀벨 시티드 프레스"
547," 케틀벨 시소 프레스"
669," 후방 삼각근 스트레칭"
548," 케틀벨 스모 하이풀"
549," 케틀벨 스윙"
550," 케틀벨 스러스터"
551," 케틀벨 터키쉬 겟업(스쿼트 스타일)"
552,"케틀벨 두 팔 클린"
554," 케틀벨 윈드밀"
555," 걷어차다 앉다"
558," 키핑 머슬업"
562," 지뢰 180"
570," 플랫 벤치에서 다리 당기기"
571," 레버 교대 좁은 그립 좌석 줄"
572," 레버 지원 턱걸이"
573," 레버 백 익스텐션"
574," 레버가 구부러진 줄"
575," 레버 바이셉 컬"
576," 레버 체스트 프레스"
577," 레버 체스트 프레스"
578," 레버 데드리프트"
579," 레버 프런트 풀다운"
580," 레버 그립리스 슈러그"
581," 레버 하이 로우"
582," 레버 닐링 레그 컬"
583," 레버 무릎 꿇기 트위스트"
584," 레버 측면 상승"
585," 레버 다리 확장"
586," 레버 라이잉 레그 컬"
587," 레버 밀리터리 프레스"
588," 레버 좁은 그립 좌석 줄"
589," 레버 한 팔을 구부리고 줄을 서다"
590," 레버 원 암 숄더 프레스"
591," 레버 오버핸드 트라이셉스 딥"
592," 레버 프리처 컬"
593," 레버 역방향 과신전"
594," 레버 시티드 카프 레이즈"
595," 레버 시티드 크런치(체스트 패드)"
596," 레버 시트 플라이"
597," 레버 앉은 자세에서 엉덩이 외전"
598," 레버시팅 고관절 외전"
599," 레버 시티드 레그 컬"
600," 레버 시티드 레그 레이즈 크런치"
601," 레버 시트 역방향 플라이(평행 그립)"
602," 레버 시트 리버스 플라이"
603," 레버 숄더 프레스"
604," 레버 슈러그"
605," 레버 스탠딩 카프 레이즈"
606," 레버 티 바 로우"
607," 레버 트라이셉스 익스텐션"
659," 푸쉬업(벽)"
609," 런던 브릿지"
613," 누워서 (옆에서) 사두근 스트레칭"
620," 누워서 다리 들어올리기 플랫 벤치"
624," 행진하다 (벽)"
627," 혼합 그립 턱걸이"
628," 몬스터 워크"
630," 산악 등반가"
631," 근육을 키우다"
634," 네거티브 크런치"
635," 비스듬한 크런치 바닥"
636," 올림픽 바벨 해머 컬"
637," 올림픽 바벨 트라이셉스 익스텐션"
638," 한 팔로 턱걸이"
639," 한 팔 딥"
640," 원 암 슬램(메디신 볼 사용)"
641," 오티스 업"
642," 아웃사이드 레그 킥 푸쉬업"
643," 오버헤드 삼두근 스트레칭"
648," 파워 클린"
650," 풀인(안정성 볼 위에서)"
651," 풀업(중립 그립)"
652," 풀업"
653," 푸쉬업(보수볼)"
655," 푸쉬업(안정성 볼 위에서)"
656," 푸쉬업(안정성 볼 위에서)"
658," 푸쉬업(벽) v. 2"
660," 푸쉬업 클로즈그립 오프 덤벨"
661," 팔굽혀펴기 안쪽 다리 킥"
662," 푸쉬업"
663," 푸쉬업 메디신볼"
664,"사이드 플랭크 푸쉬업"
666," 싱글 암 푸시업"
668," 후방 경사 다리"
670," 리어 풀업"
672," 리버스 딥"
673," 리버스 그립 머신 랫 풀다운"
674," 리버스 그립 풀업"
675," 역 하이퍼 익스텐션(안정성 볼 위에서)"
677," 링 딥"
678," 로키 풀업 풀다운"
680," 로프 등반"
684," (장비)를 달리다"
685," 달리다"
687," 러시안 트위스트"
688," 견갑 풀업"
689," 앉은 자세에서 다리 들어올리기"
690," 앉아서 허리 스트레칭"
691,"앉은 자세 옆구리 크런치 (벽)"
696," 셀프 어시스트 역방향 레그 컬(바닥에서)"
697," 셀프 어시스트 인버스 레그 컬"
699," 숄더 탭 푸쉬업"
705," 사이드 브릿지 v.2"
709," 옆 엉덩이 (평행봉 위에서)"
710," 옆 엉덩이 외전"
716,"사이드 푸쉬 넥 스트레칭"
717," 사이드 푸쉬업"
720," 좌우 턱"
721," 사이드 손목 당기기 스트레칭"
725," 싱글 암 푸쉬업"
1429," 와이드 그립 풀업"
727," 싱글 레그 카프 레이즈(덤벨)"
730," 싱글 레그 플랫폼 슬라이드"
735,"윗몸 일으키기 v. 2"
738," 썰매 45도 송아지 프레스"
739," 썰매 45в° 레그 프레스"
740," 썰매 45в° 레그 와이드 프레스"
795,"스탠딩 싱글 레그 컬"
741," 썰매 더 가까이 핵 스쿼트"
742," 썰매 앞으로 각도로 송아지 들어올리기"
743," 슬레드 핵 스쿼트"
744," 썰매 누워서 쪼그리고 앉기"
746," 스미스 백 슈러그"
757," 스미스 인클라인 벤치 프레스"
747," 스미스 비하인드 넥 프레스"
748," 스미스 벤치 프레스"
749," 스미스 무릎 굽힘 좋은 아침"
750," 스미스 의자 스쿼트"
751," 스미스 클로즈 그립 벤치 프레스"
758," 스미스 인클라인 리버스 그립 프레스"
752," 스미스 데드리프트"
753," 스미스 디클라인 벤치프레스"
754," 스미스 디클라인 리버스 그립 프레스"
755," 스미스 핵 스쿼트"
756," 스미스 힙 레이즈"
759," 스미스 인클라인 숄더 레이즈"
760," 스미스 레그 프레스"
761," 스미스 좁은 줄"
762," 스미스 리어 델트 로우"
763," 스미스 리버스 카프 레이즈"
764," 스미스 리버스 그립 프레스"
765," 스미스 시티드 숄더 프레스"
766," 스미스 숄더 프레스"
767," 스미스 어깨 으쓱"
768," 스미스 싱글 레그 스플릿 스쿼트"
769," 스미스 스프린트 런지"
775," 스미스 업라이트 로우"
770," 스미스 스쿼트"
771," 스미스 스탠딩 백 리스트 컬"
772," 스미스가 머리 뒤에 서서 군사 언론을 보도합니다"
773," 스미스 스탠딩 레그 카프 레이즈"
774," 스미스 스탠딩 밀리터리 프레스"
776," 스내치 풀"
777," 주문을 외우는 사람"
778," 스파이더 크롤 푸쉬업"
786," 스쿼트 저크"
788," 넥 프레스 뒤에 서서"
794," 서서 옆으로 스트레칭하기"
796," 스탠딩 휠 롤러아웃"
798," 고정 자전거 걷기"
803," 슈퍼맨 푸쉬업"
805," 복부 낙진 정지"
806," 매달린 푸쉬업"
807," 정지된 역 크런치"
808," 매달린 줄"
809," 서스펜디드 스플릿 스쿼트"
811," 트랩바 데드리프트"
812," 트라이셉스 딥(벤치 레그)"
813," 트라이셉스 딥(벤치 사이)"
814," 트라이셉스 딥"
815," 트라이셉스 딥 플로어"
816," 트라이셉스 프레스"
817," 삼두근 스트레칭"
818," 트윈 핸들 패럴렐 그립 랫 풀다운"
826," 수직 다리 들어올리기 (평행봉 위에서)"
830," 가중 벤치 딥"
832," 가중 크런치"
833," 무게가 실린 당나귀 송아지 들어올리기"
834,"가중 프런트 레이즈"
835," 가중 과신전(안정성 볼 위에)"
840," 가중 오버헤드 크런치(안정성 볼 위에서)"
841," 가중 풀업"
844," 무게가 있는 둥근 팔"
866," 가중된 매달린 다리-엉덩이 들어올리기"
845," 가중 러시안 트위스트(다리 들어올리기)"
846," 가중 러시안 트위스트"
847," 가중 앉은 자세 바이셉 컬(안정성 볼 위에)"
849," 가중 좌석 트위스트(안정성 볼 위에)"
850," 가중 사이드 벤드(안정성 볼 위에)"
851," 가중 시시 스쿼트"
852," 가중 스쿼트"
853," 가중 스탠딩 컬"
854," 무게 있는 스탠딩 핸드 스퀴즈"
856," 가중 스벤 프레스"
857," 휠 롤러아웃"
858," 윈드 스프린트"
859," 손목 롤러"
860," 케이블 킥백"
861," 케이블 시티드 로우"
862," 케이블 트위스트(위-아래)"
863," 덤벨 누워서 어깨 바깥쪽 회전"
864," 덤벨 업라이트 어깨 외부 회전"
865," 누워서 다리 들어올리기"
1000," 밴드 싱글 레그 리버스 카프 레이즈"
868,"케이블 컬"
869," 레버 숄더 프레스 v.2"
870," 엉덩이"
871," 턱 크런치"
872," 리버스 크런치"
873," 케이블 리버스 크런치"
874," 케이블 스탠딩 크런치 (로프 부착)"
968," 밴드 교대 바이셉스 컬"
969," 밴드 교대 v-up"
970," 밴드 지원 풀업"
971," 밴드 지원 휠 롤러아웃"
972," 밴드 바이시클 크런치"
974," 밴드 클로즈 그립 풀다운"
975," 밴드 클로즈 그립 푸쉬업"
976," 밴드 컨센트레이션 컬"
977," 밴드 전면 측면 레이즈"
978," 밴드 프런트 레이즈"
979," 밴드 수평 팔로프 프레스"
980," 밴드 굽힘 엉덩이 확장"
981," 밴드 잭 나이프 시트업"
983," 밴드 무릎 꿇고 한 팔 풀다운"
984," 밴드 누워 엉덩이 내부 회전"
985," 밴드 무릎 꿇고 비틀고 으르렁거림"
986," 밴드 원 암 오버헤드 바이셉스 컬"
1014," 밴드 v-업"
987," 밴드 원 암 싱글 레그 스플릿 스쿼트"
988," 밴드 한 팔 서서 낮게 줄"
989," 밴드 원 암 트위스팅 체스트 프레스"
990," 밴드 한 팔 비틀기 앉은 자세 줄"
991," 밴드를 끌어내다"
1275," 드롭 푸쉬업"
992," 밴드 푸쉬 싯업"
993," 밴드 리버스 플라이"
994," 밴드 리버스 리스트 컬"
996," 밴드 앉은 자세 엉덩이 내부 회전"
997," 밴드 숄더 프레스"
998," 밴드 사이드 트라이셉스 익스텐션"
999,"밴드 싱글 레그 카프 레이즈"
1001," 밴드 싱글 레그 스플릿 스쿼트"
1002," 밴드 누워서 다리 쭉 뻗기"
1003," 밴드 스쿼트 로우"
1004," 밴드 스쿼트"
1005," 밴드 스탠딩 크런치"
1007," 밴드 스탠딩 트위스팅 크런치"
1008," 밴드 스텝업"
1009," 밴드 스티프 레그 데드리프트"
1010," 밴드 스트레이트 레그 데드리프트"
1011," 밴드 앉은 자세로 꼬임"
1012," 밴드 트위스팅 오버헤드 프레스"
1013," 밴드 언더핸드 풀다운"
1015," 밴드 버티컬 팔로프 프레스"
1016," 밴드 손목 컬"
1017," 밴드 와이 레이즈"
1018," 밴드 어깨 으쓱"
1022," 밴드 스탠딩 리어 델트 로우"
1023," 밴드 스트레이트 백 스티프 레그 데드리프트"
1372,"바벨 스탠딩 카프 레이즈"
1160," 버피"
1167," 동적 가슴 스트레칭 (남성)"
1201," 덤벨 버피"
1253," 레버 당나귀 송아지 들어올리기"
1254," 밴드 벤치 프레스"
1255," 바벨 디클라인 풀오버"
1256," 바벨 리버스 그립 디클라인 벤치 프레스"
1257," 바벨 리버스 그립 인클라인 벤치 프레스"
1258," 바벨 와이드 리버스 그립 벤치 프레스"
1259," 머리 뒤 가슴 스트레칭"
1260," 케이블 디클라인 원암 프레스"
1261," 케이블 디클라인 프레스"
1262," 케이블 원 암 디클라인 체스트 플라이"
1263," 케이블 원 암 플라이 온 엑서사이즈 볼"
1264," 케이블 원 암 인클라인 플라이 온 엑서사이즈 볼"
1265," 케이블 원 암 인클라인 프레스"
1266," 케이블 원 암 인클라인 프레스 온 엑서사이즈 볼"
1267," 케이블 원 암 프레스 온 엑서사이즈 볼"
1268," 운동공에 케이블 프레스"
1269," 케이블 스탠딩 스트레이트 크로스오버"
1270," 케이블 어퍼 체스트 크로스오버"
1271," 가슴과 어깨 앞부분 스트레칭"
1272," 운동공을 이용한 가슴 스트레칭"
1273," 박수 치기 푸시업"
1274," 딥푸쉬업"
1276," 덤벨 디클라인 원암 플라이"
1277," 운동공 위에 덤벨 플라이"
1278," 덤벨 인클라인 플라이 온 운동 볼"
1279," 덤벨 인클라인 원암 플라이"
1280," 덤벨 인클라인 원암 플라이 온 운동 볼"
1281," 덤벨 인클라인 원암 프레스"
1282," 덤벨 인클라인 한 팔 운동 공 위에 프레스"
1283," 덤벨 인클라인 프레스 온 운동 볼"
1284," 운동공 위에 덤벨을 얹은 풀오버"
1285," 덤벨 원암 벤치 플라이"
1286," 덤벨 한 팔 가슴 플라이 운동 공"
1287," 덤벨 원 암 디클라인 체스트 프레스"
1288," 덤벨 원암 플라이 온 운동 볼"
1289," 덤벨 원 암 인클라인 체스트 프레스"
1290," 덤벨 원 암 프레스 온 운동 볼"
1291," 운동공 위에 덤벨 원암 풀오버"
1292," 덤벨 한쪽 다리 운동 공 위에 날아오르다"
1293," 운동공 위에 덤벨 프레스"
1294," 덤벨 풀오버 힙 익스텐션 온 운동 볼"
1295," 운동공 위에 덤벨 풀오버"
1296," 운동공 파이크 푸쉬업"
1297," 아이소메트릭 가슴 압박"
1298," 케틀벨 원암 플로어 프레스"
1299," 레버 인클라인 체스트 프레스"
1300," 레버 디클라인 체스트 프레스"
1301," 머신 인너 체스트 프레스"
1302," 메디신볼 체스트패스"
1303," 3점 스탠스에서 메디신볼 가슴 푸시"
1304," 메디신볼 가슴 푸시 다중반응"
1305," 메디신볼 가슴 푸시 싱글 리스폰스"
1306," 플라이오 푸쉬업"
1307," 보수볼 위에서 푸쉬업"
1308," 스미스 와이드 그립 벤치 프레스"
1309," 스미스 와이드 그립 디클라인 벤치 프레스"
1310," 가중 드롭 푸쉬업"
1311," 와이드 핸드 푸쉬업"
1312," 메디신볼 체스트푸시와 런 릴리즈"
1313," 레버 단측열"
1314," 운동공 위에서 백 익스텐션"
1316," 바벨 벤트 암 풀오버"
1317," 바벨 리버스 그립 인클라인 벤치 로우"
1318," 케이블 인클라인 벤치 로우"
1319," 케이블 팜 로테이션 로우"
1320," 케이블 로프 크로스오버 시티드 로우"
1321," 케이블 로프 높이 조절 좌석 로우"
1322," 케이블 로프 익스텐션 인클라인 벤치 로우"
1323," 케이블 로프 시티드 로우"
1324," 케이블 상단 행"
1325," 케이블 와이드 그립 리어 풀다운 비하인드 넥"
1326," 턱을 들어올리다"
1327," 클로즈 그립 턱걸이"
1328," 덤벨 라이잉 리어 델트 로우"
1329," 덤벨 팜 회전 굽힘 로우"
1330," 덤벨 리버스 그립 인클라인 벤치 원암 로우"
1331," 덤벨 리버스 그립 인클라인 벤치 투암 로우"
1332," 운동공 팔굽혀펴기"
1333," 팔을 뻗은 채로 운동공을 뒤로 뻗는다"
1334," 머리 뒤에 손을 두고 운동공을 뒤로 뻗는다"
1335," 무릎을 지면에서 떼고 운동공을 뒤로 뻗는다"
1336," 회전이 있는 운동공 백 익스텐션"
1548," 의자 다리 뻗기 스트레칭"
1338," 운동공 포옹"
1339," 운동공 래트스트레칭"
1341," 운동공 허리 스트레칭(피라미드)"
1342," 운동공 누워서 옆구리 스트레칭"
1343," 운동공 엎드려서 다리 들어올리기"
1344," ez 바 리버스 그립 벤트 오버 로우"
1345," 케틀벨 두팔 로우"
1346," 무릎 꿇고 엎드려 스트레칭"
1347," 레버 원 암 라테랄 와이드 풀다운"
1348," 레버 리버스 그립 수직 행"
1349," 레버 리버스 T바 로우"
1350," 레버 좌석 로우"
1351," 레버 티바 리버스 그립 로우"
1352," 허리 아랫부분 컬"
1353," 메디신볼 캐치와 오버헤드 스로우"
1354," 메디신볼 오버헤드 슬램"
1355," 한 팔을 벽에 기대다"
1356," 레버 원 암 라테랄 하이 로우"
1358," 옆으로 누워서 바닥 스트레칭"
1359," 스미스 굽은 줄"
1360," 스미스 원암로우"
1361," 스미스 리버스 그립 벤트 오버 로우"
1362," 스핑크스"
1363," 척추 스트레칭"
1364," 서서 골반 기울기"
1365,"상체 등 스트레칭"
1366," 위를 향한 개"
1367," 와이드 그립 리어 풀업"
1368," 발목 서클"
1369," 밴드 투 레그 카프 레이즈 - (두 다리 아래 밴드) v. 2"
1370," 바벨 플로어 송아지 들어올리기"
1371," 바벨 시티드 카프 레이즈"
1373," 체중 스탠딩 카프 레이즈"
1374," 한쪽 다리 안정화로 박스 점프 다운"
1375," 케이블 스탠딩 카프 레이즈"
1376," 케이블 스탠딩 원 레그 카프 레이즈"
1377," 벽에 손을 대고 종아리 스트레칭"
1378," 로프로 종아리 스트레칭"
1407," 벽에 손을 대고 송아지 푸쉬 스트레칭"
1379," 덤벨 시티드 카프 레이즈"
1380," 덤벨 앉은 자세에서 한쪽 다리로 송아지 들어올리기 - 해머 그립"
1381," 덤벨 앉은 자세에서 한쪽 다리로 종아리 들어올리기 - 손바닥을 위로 향하게 함"
1382," 벽에 운동공을 두고 송아지 들어올리기"
1383," 해크 송아지 키우기"
1384," 한 다리로 송아지 들어올리기"
1385," 레버 시티드 스쿼트 카프 레이즈 온 레그 프레스 머신"
1386," 한쪽 다리 당나귀 송아지 들어올리기"
1387," 한쪽 다리 바닥 송아지 들어올리기"
1388," 비골근 스트레칭"
1389," 후경골근 스트레칭"
1390," 앉은 자세에서 종아리 스트레칭(남성)"
1467," 하완 푸쉬업"
1391," 레그 프레스에 썰매 송아지 프레스"
1392," 썰매 한쪽 다리 송아지 프레스 레그 프레스"
1393," 스미스 원 레그 플로어 카프 레이즈"
1394," 스미스 리버스 카프 레이즈"
1395," 스미스 시티드 원 레그 카프 레이즈"
1408," 밴드 힙 리프트"
1396," 스미스 토 레이즈"
1397," 서 있는 종아리"
1398," 서서 종아리 종아리 스트레칭"
1399," 바닥에 벤치 딥"
1401," 머슬업(수직봉 위에서)"
1403," 목 옆 스트레칭"
1405,"등 가슴 스트레칭"
1409,"바벨 글루트 브릿지"
1410," 바벨 래터럴 런지"
1411," 바벨 손바닥을 아래로 하고 벤치 위로 손목을 컬링"
1412," 바벨 손바닥을 위로 올리고 손목을 벤치 위로 말아 올리기"
1413," 케이블 리버스 원암 컬"
1414," 덤벨 원암 리버스 프리처 컬"
1428," 손목 서클"
1415," 덤벨 한 팔 앉은 자세 중립 손목 컬"
1416," 운동공 한쪽다리 엎드린 자세 하체 회전"
1417," 운동공 한쪽다리 대각선 킥 햄스트링 컬"
1418," 킨스를 가슴에 껴안다"
1419," 아이언크로스 스트레칭"
1420,"무릎 꿇고 점프 스쿼트"
1421," 팔 아랫부분까지 변형된 푸쉬업"
1422," 골반 기울기를 다리로"
1423," 플랫 벤치에서 리버스 하이퍼"
1424," 앉아서 하는 엉덩이 스트레칭"
1425," 썰매 45도 원 레그 프레스"
1426," 스미스 시티드 리스트 컬"
1427," 곧은 다리 바깥쪽 엉덩이 외전근"
1430," 체스트 딥(딥풀업 케이지)"
1431," 보조 스탠딩 턱걸이"
1432," 보조 스탠딩 풀업"
1433," 스미스 프론트 스쿼트 (클린 그립)"
1434," 스미스 로우 바 스쿼트"
1435," 바벨 로우 바 스쿼트"
1436," 바벨 하이바 스쿼트"
1437," 덤벨 핑거 컬"
1438," 케틀벨 시티드 투 암 밀리터리 프레스"
1439," 레버 그립리스 슈러그 v. 2"
1441," 덤벨을 벤치 위에 올려놓고 한 팔로 역 손목 컬을 하세요"
1451," 레버 시트 딥"
1452," 레버 시티드 크런치"
1456," 바벨 스탠딩 클로즈 그립 밀리터리 프레스"
1457," 바벨 스탠딩 와이드 밀리터리 프레스"
1458," ez 바벨 시티드 컬"
1459," 덤벨 루마니안 데드리프트"
1460," 워킹런지"
1461," 바벨 풀 스쿼트 (뒤에서 보기)"
1462," 바벨 풀 스쿼트 (사이드 POV)"
1463," 슬레드 45° 레그 프레스(사이드 포브)"
1464," 썰매 45° 레그 프레스(백포브)"
1466," 트위스트 힙 리프트"
1468," 크랩 트위스트 토터치"
1471," 인치벌레"
1472," 앞으로 점프"
1473," 뒤로 점프"
1476," 한쪽 다리 스쿼트"
1479," 레버 인클라인 체스트 프레스 v.2"
1489," 시시 스쿼트"
1490," 스탠딩 카프 레이즈(계단에서)"
1494," 나비 요가 자세"
1495," 오블리크 크런치 v. 2"
1496," 쇠망치"
1511,"햄스트링 스트레칭"
1512," 네 발로 서서 스쿼드 스트레칭"
1545,"바벨 풀 제르처 스쿼트"
1559," 운동공 엉덩이 굽힘근 스트레칭"
1560,"운동공 앉은 자세 햄스트링 스트레칭"
1564," 중간 엉덩이 굽힘근과 대퇴사두근 스트레칭"
1576," 다리 위로 햄스트링 스트레칭"
1582," 로프를 이용한 리클라이닝 빅토 포즈"
1585," 주자 스트레칭"
1617," 덤벨 디클라인 원암 해머 프레스"
1587," 앉아서 광각 포즈 시퀀스"
1599," 스트랩을 이용한 햄스트링과 종아리 스트레칭"
1604," 세계 최대의 스트레칭"
1614," 레버 프리처 컬 v.2"
1615," 레버 해머 그립 프리처 컬"
1616," 레버 리버스 그립 프리처 컬"
1618," 덤벨 인클라인 해머 프레스 온 운동 볼"
1619," 덤벨 인클라인 원암 해머 프레스"
1620," 덤벨 인클라인 원암 해머 프레스 온 운동 볼"
1621," 덤벨 원암 해머 프레스 온 운동 볼"
1622," 덤벨 원암 리버스 그립 프레스"
1623," 인클라인 벤치 프레스에서 덤벨 손바닥"
1624," 덤벨 리버스 벤치 프레스"
1625," 스미스 머신 디클라인 클로즈 그립 벤치 프레스"
1626," 스미스 머신 리버스 디클라인 클로즈 그립 벤치 프레스"
1627," ez 바벨 클로즈 그립 프리처 컬"
1628," ez 바벨 스파이더 컬"
1629," 바벨 스탠딩 와이드 그립 바이셉스 컬"
1630," 케이블 클로즈 그립 컬"
1631," 케이블 컨센트레이션 컬"
1632," 케이블 드래그 컬"
1633," 케이블 원암 프리처 컬"
1634," 케이블 라이잉 바이셉 컬"
1655," 덤벨 바이셉스 컬 스쿼트"
1635," 케이블 원 암 리버스 프리처 컬"
1636," 케이블 오버헤드 컬"
1637," 운동공 위에서 케이블 오버헤드 컬"
1638," 케이블 풀다운 바이셉 컬"
1639," 케이블 로프 해머 프리처 컬"
1682," ez 바 시티드 클로즈 그립 컨센트레이션 컬"
1640," 케이블 로프 원암 해머 프리처 컬"
1641," 케이블 시티드 컬"
1642," 케이블 시티드 원암 컨센트레이션 컬"
1643," 케이블 시티드 오버헤드 컬"
1644," 케이블 스쿼팅 컬"
1645," 인클라인 벤치에서 케이블 투 암 컬"
1646," 덤벨 번갈아 가며 망치 설교자 컬"
1647," 덤벨 번갈아가며 설교하는 컬"
1648," 덤벨 교대 앉은 자세 해머 컬"
1649," 운동공 위에 다리를 올리고 덤벨 번갈아가며 바이셉 컬"
1668," 덤벨 한 팔 앉은 자세로 운동 공 위에 팔굽혀펴기"
1650," 덤벨 번갈아가며 앉은 자세에서 운동공 위에 팔굽혀펴기"
1651," 볼링 모션을 이용한 덤벨 바이셉 컬 런지"
1652," 다리를 들어올린 채 운동 공 위에서 덤벨 바이셉 컬"
1653," 덤벨 바이셉 컬과 스토크 스탠스"
1654," 덤벨 바이셉스 컬 리버스"
1656," 덤벨 바이셉스 컬 v 보수볼에 앉기"
1657," 덤벨 크로스 바디 해머 컬 v. 2"
1658," 덤벨 런지와 바이셉 컬"
1659," 운동공 위에서 덤벨 해머 컬"
1660," 덤벨 무릎 꿇기 바이셉 컬 운동 공"
1661," 덤벨 누워서 바이셉스 컬"
1662," 덤벨 라이킹 와이드 컬"
1663," 덤벨 원암 해머 프리처 컬"
1664," 덤벨 하이 컬"
1665,"덤벨 원암 프론 컬"
1666," 덤벨 원암 프론 해머 컬"
1667," 덤벨 원암 리버스 스파이더 컬"
1669," 덤벨 원암 시티드 해머 컬"
1670," 덤벨 원암 스탠딩 컬"
1671," 덤벨 원암 스탠딩 해머 컬"
1672," 덤벨 원암 조트만 프리처 컬"
1673," 덤벨 프리처 컬 오버 운동 볼"
1674," 덤벨 프론 인클라인 해머 컬"
1675," 덤벨 리버스 스파이더 컬"
1676," 덤벨 앉은 자세에서 운동공 위에 번갈아 해머 컬"
1677," 덤벨 시티드 바이셉 컬"
1678," 덤벨 시티드 해머 컬"
1679," 덤벨 앉은 자세에서 한쪽 팔로 운동공 위에 팔굽혀펴기, 다리 들어올리기"
1680," 덤벨 스탠딩 원 암 컬 인클라인 벤치"
1683," 스미스 머신 바이셉 컬"
1684," 덤벨 스텝업 바이셉 컬을 이용한 싱글 레그 밸런스"
1685," 스쿼트 투 오버헤드 리치"
1686," 비틀어서 오버헤드까지 쪼그리고 앉으세요"
1687," 오버헤드 도달을 위한 후방 단계"
1708," 보조된 누워있는 종아리 스트레칭"
1688," 트위스트로 런지"
1689," 체중을 밀고 당기다"
1700," 덤벨 푸쉬 프레스"
1701," 메디신볼 클로즈 그립 푸쉬업"
1705," 보수볼에 쪼그리고 앉다"
1707," 안정성 볼에 대한 프론 트위스트"
1709," 보조된 누워있는 엉덩이 스트레칭"
1710," 보조된 누워있는 대둔근과 배측근 스트레칭"
1712," 보조 측면 누워서 근육 스트레칭"
1713," 보조 엎드려서 누워서 하는 사두근 스트레칭"
1714," 보조 복직근 스트레칭"
1716," 안정성 볼을 이용한 보조 앉은 자세 대흉근 스트레칭"
1717," 케이블 스쿼트 로우 (로프 부착)"
1718," 바벨 앉은 자세 목 뒤 삼두근 확장"
1719," 바벨 인클라인 클로즈 그립 벤치 프레스"
1720," 바벨 머리 뒤쪽에 누워 삼두근 확장"
1721," 바벨 리버스 그립 스컬크러셔"
1722," 케이블 하이 풀리 오버헤드 트라이셉스 익스텐션"
1723," 케이블 원암 트라이셉스 푸쉬다운"
1724," 케이블 로프 하이 풀리 오버헤드 삼두근 익스텐션"
1725," 케이블 로프 인클라인 삼두근 익스텐션"
1726," 케이블 로프 바닥에 누워 삼두근 확장"
1727," 케이블 스탠딩 리버스 그립 원 암 오버헤드 트라이셉스 익스텐션"
1728," 케이블 투암 트라이셉스 킥백"
1729," 덤벨 누워서 번갈아가며 확장"
1730," 덤벨 앉아서 굽히기 번갈아가며 킥백"
1731," 덤벨 클로즈 그립 프레스"
1732," 덤벨 포워드 런지 트라이셉스 익스텐션"
1733," 덤벨 인클라인 두 팔 익스텐션"
1734," 운동공 위에서 덤벨 킥백"
1735," 덤벨 라이킹 싱글 익스텐션"
1736,"덤벨 원암 프렌치 프레스 운동 공"
1737," 덤벨 앉은 자세로 구부린 자세 삼두근 확장"
1738," 덤벨 시티드 리버스 그립 원 암 오버헤드 트라이셉스 익스텐션"
1739," 덤벨 스탠딩 번갈아가며 삼두근 킥백"
1740," 덤벨 서서 한쪽 팔로 구부린 채 삼두근 확장"
1741," 덤벨 서서 구부린 채 두 팔 삼두근 확장"
1742,"덤벨 트라이셉스 킥백, 스토르크 스탠스"
1750," 메디신볼 앙와위 흉부던지기"
1743," 덤벨 트위스팅 벤치 프레스"
1744," 운동 공 딥"
1745," 운동공 앉은 자세 삼두근 스트레칭"
1746," 운동 공 앙와위 삼두근 확장"
1747," ez bar 프렌치 프레스 온 엑서사이즈 볼"
1748," ez 바 누워서 머리 뒤로 삼두근 확장"
1749," ez bar 스탠딩 프렌치 프레스"
1751," 바벨 핀 프레스"
1752," 스미스 머신 인클라인 트라이셉스 익스텐션"
1753," 3 벤치 딥"
1754," 가중 3개 벤치 딥"
1755,"가중 삼두근 딥"
1756," 바벨 싱글 레그 데드리프트"
1757," 덤벨 싱글 레그 데드리프트"
1758," 보조 시트업"
1759," 싱글 레그 스쿼트 (피스톨) 남성"
1760," 덤벨 고블릿 스쿼트"
1761," 매달린 비스듬한 무릎 들어올리기"
1763," 숄더 그립 풀업"
1764," 매달린 다리 엉덩이 들어올리기"
1765," 덤벨 업라이트 로우 (백포브)"
1766," 셀프 어시스트 인버스 레그 컬"
1767," 높은 평행봉에서 가중 삼두근 딥"
1769," 체중 측면 누워 바이셉스 컬"
1770," 이두근 다리 집중 컬"
2142," 스키 에르고미터"
1771," 체중 무릎 꿇고 삼두근 확장"
1772," 팔꿈치 리프트 - 역방향 푸쉬업"
1773," 한 팔 타월 로우"
1774," 사이드 브릿지 엉덩이 외전"
1775," 사이드 플랭크 엉덩이 내전"
2133," 농부들이 걸어다닌다"
2135," 가중 전면 플랭크"
2136," 덤벨 쿠반 프레스 v. 2"
2137," 덤벨 아놀드 프레스"
2138," 고정 자전거 달리기 v.3"
2139," 핸즈 바이크"
2141," 엘립티컬 크로스 트레이너 워크"
2143," 덤벨 스탠딩 어라운드 월드"
2144," 케이블 시티드 체스트 프레스"
2186," ez 바벨 디클라인 트라이셉스 익스텐션"
2187," 바벨 리버스 클로즈 그립 벤치 프레스"
2188," 덤벨 앉은 자세 삼두근 확장"
2189," 덤벨 앉은 자세 삼두근 확장"
2209," 롤러 앉은 단일 다리 어깨 굽힘근 수축기"
2202,"롤러 힙 스트레칭"
2203," 롤러 앉은 어깨 굽힘근 수축근"
2204," 롤러바디톱"
2205," 롤러 힙 랫 스트레칭"
2206," 롤러 리버스 크런치"
2207," 롤러 사이드 랫 스트레칭"
2208," 롤러 백 스트레칭"
2271," 레프트 훅. 복싱"
2285," 레버 풀오버"
2286," 레버 힙 익스텐션 v. 2"
2287," 레버 교대 레그 프레스"
2288," 레버 그리퍼 손"
2289," 레버 카프 프레스"
2397," 덤벨 스콧 프레스"
2292," 덤벨 리어 델트 레이즈"
2293," 덤벨 스탠딩 조트만 프리처 컬"
2294," 덤벨 조트만 프리처 컬"
2297," 안정성 볼 크런치(머리 뒤에 있는 손의 전체 범위)"
2298," 벤치에서 역방향 로우"
2300," 역방향 굽은 무릎"
2311," 스텝밀 위를 걷다"
2312," 팔꿈치를 무릎에 대고 누워있다"
2315," 레버 로터리 송아지"
2317," 덤벨 앉은 자세 굽은 팔 측면 들어올리기"
2318," 레버 숄더 프레스 v.3"
2321," 덤벨 스탠딩 인너 바이셉스 컬 v. 2"
2327," 덤벨 리버스 그립 로우(여성)"
2328," 운동공 위에서 좁은 푸쉬업"
2329," 척추 비틀기"
2330," 케이블 랫 풀다운 전체 동작 범위"
2331," 사이클 크로스 트레이너"
2333," 팔을 쭉 뻗은 채로 다리를 늘어뜨리는 팔걸이"
2334," 슬레드 라이잉 카프 프레스"
2335," 레버 시티드 카프 프레스"
2355," 팔을 슬링거로 매달아 무릎을 굽힌 다리"
2363," 높은 평행봉에서 넓은 그립으로 가슴을 딥니다."
2364," 보조 와이드 그립 체스트 딥(무릎 꿇기)"
2368," 스플릿 스쿼트"
2371," 가중 러시안 트위스트 v. 2"
2398," 클로즈 그립 푸쉬업(무릎 꿇고)"
2399," 케이블 시트 트위스트"
2400," 인버스 레그 컬(풀업 케이블 머신)"
2401," 덤벨 바이셉스 컬(암 블래스터 포함)"
2402," 덤벨 해머 컬(암 블래스터 사용)"
2403," 덤벨 번갈아 바이셉스 컬(암 블래스터 포함)"
2404," ez-bar 바이셉스 컬(암 블래스터 포함)"
2405," 케이블 트라이셉스 푸쉬다운(V바)(암 블래스터 포함)"
2406," 케이블 리버스 그립 트라이셉스 푸시다운(SZ바)(암 블래스터 포함)"
2407," 바벨 바이셉스 컬(암 블래스터 포함)"
2414," 바벨 스탠딩 컨센트레이션 컬"
2799," 바벨 앉아서 교대로 다리 들어올리기"
2429," 개구리 크런치"
2432," ez-bar 클로즈 그립 벤치 프레스"
2459," 타이어 뒤집기"
2462," 스트레이트 바에서 가슴 딥"
2464," 케이블 티보도 카약 로우"
2466," 브릿지 - 등산가 (크로스 바디)"
2470," 바닥에 눕힌 덤벨로 후면 델트 레이즈"
2567," 앉은 자세로 배측근 스트레칭"
2571," 로킹 개구리 스트레칭"
2611," 레버 수평 원 레그 프레스"
2612," 점프 로프"
2616," V바가 있는 케이블 래터럴 풀다운"
2705," 덤벨 바닥에 누워서 과회내전"
2706," 덤벨을 바닥에 눕힌 채 외반"
2736," 레버 리버스 그립 래터럴 풀다운"
2741," ez-바벨 스탠딩 와이드 그립 바이셉스 컬"
2796," 덤벨 스텝업 런지"
2798," 바벨 스쿼트 점프 스텝 리어 런지"
2800," 바벨 앉은 자세에서 교대로 다리 들어올리기(여자)"
2801," 뒤틀린 다리 들어올리기 (여자)"
2802," 뒤틀린 다리 들어올리기"
2803," 덤벨 지지 스쿼트"
2805," 스텝박스 지원이 있는 덤벨 싱글 레그 데드리프트"
2808," 덤벨 스모 풀스루"
2810," 바벨 스플릿 스쿼트 v. 2"
2812," 덤벨 스텝업 스플릿 스쿼트"
2963," 선장 의자 다리 쭉 뻗기"
2987," 딥 케이지에서 가중 클로즈 그립 턱걸이"
3006," 저항 밴드 앉은 자세 엉덩이 외전"
3007," 저항 밴드 레그 익스텐션"
3010," ez bar 누워서 팔 굽히기 풀오버"
3011," 인클라인 스카풀라 푸쉬업"
3012," 견갑골 딥"
3013," 바닥에 있는 낮은 글루트 브릿지"
3016," 컬업"
3017," 바벨 펜들레이 로우"
3147," 골반 기울기"
3019," 벤치 풀업"
3021," 견갑 푸쉬업"
3116," 밴드 고정 백 언더핸드 풀다운"
3117," 밴드 고정 백 클로즈 그립 풀다운"
3119," 변기 쪼그리고 앉기"
3122," 저항 밴드 앉은 자세 어깨 프레스"
3123," 저항 밴드 앉은 자세 바이셉스 컬"
3124," 저항 밴드 앉은 자세 가슴 프레스"
3132," 지지대가 있는 포티 스쿼트"
3142," 스미스 스모 스쿼트"
3144," 저항 밴드 앉아서 똑바로 뒤로 줄"
3145," 푸쉬업 플러스"
3156," 체중 서서 가까이 잡기 한 팔 로우"
3158," 체중 스탠딩 클로즈 그립 로우"
3161," 체중 서서 한 팔 로우 (타월 사용)"
3162," 체중 서서 한 팔 로우"
3165," 체중 스탠딩 로우 (타월 사용)"
3166," 체중 스탠딩 로우"
3167," 체중 스쿼팅 로우 (타월 사용)"
3168," 체중 스쿼팅 로우"
3193," 글루트햄 레이즈"
3194," 프랑켄슈타인 스쿼트"
3195," 레버 라이잉 투원 레그 컬"
3200," V바를 이용한 레버 벤트오버 로우"
3201," 쿼터 시트업"
3202," 반 윗몸 일으키기 (남자)"
3203," 수감자 반신욕 (남자)"
3204," 팔을 머리 위로 올리고 윗몸 일으키기 (남성)"
3211," 무릎꿇고 푸쉬업(남자)"
3212," 기본 토터치(남자)"
3213," 좌우로 발가락을 만지다 (남자)"
3214," 팔 벌리고 발가락을 둥글게 만지다 (남자)"
3215," 손을 뒤집어서 움켜쥐고 원형으로 발가락을 만지다 (남자)"
3216," 체스트 탭 푸쉬업(남성)"
3217," 변형된 힌두 푸쉬업(남성)"
3218," 손을 모아 둥글게 발가락을 만지다 (남자)"
3219," 가위점프(남자)"
3220," 점프하다 (남자)"
3221," 반 무릎 굽힘 (남자)"
3222," 세미스쿼트 점프(남자)"
3223," 스타 점프 (남자)"
3224," 잭 점프 (남자)"
3231," 두 발끝 터치(남자)"
3234," 하이트 덤벨 플라이"
3315," 풀 몰티즈"
3235," 케이블 지원 역방향 다리 컬"
3236," 무릎에 저항 밴드 힙 스러스트(여성)"
3237," 지뢰 측면 상승"
3239," 무릎 꿇고 플랭크 탭 숄더(남자)"
3240," 벽에 있는 운동 공 송아지 들어올리기 (무릎 사이에 테니스 공)"
3241," 벽에 운동공을 두고 송아지 들어올리기 (발목 사이에 테니스공을 끼고)"
3281," 스미스 풀 스쿼트"
3286," 가중 머슬업"
3287," 팔꿈치 딥"
3288," 한국식 딥"
3289," 불가능한 딥"
3290," 무게를 실은 한 손으로 풀업"
3291," 스탈더 프레스"
3292," 엘리베이터"
3293," 궁수 풀업"
3294," 아처 푸쉬업"
3295," 프런트 레버 반복"
3296," 앞 레버"
3679," 가슴에 팔을 얹고 윗몸 일으키기"
3297," 백 레버"
3298," 스트래들 플랜체"
3299," 풀 플랜체"
3300," 린 플랜체"
3301," 개구리 플랜체"
3302," 핸드스탠드"
3303," 깃발"
3304," 고양이 가죽을 벗기다"
3305," 바벨 스러스터"
3312," 무게가 실린 머슬업(바에)"
3313," 가중 스트레이트 바 딥"
3314," 스트래들 말티즈"
3318," 스윙 360"
3327," 풀 플랜체 푸쉬업"
3360," 곰 기어가기"
3361," 스케이터 홉스"
3418," l-풀업"
3419," l-바닥에 앉다"
3420," 바닥에 V자 자세로 앉다"
3433," 수영선수 발차기 v. 2 (남자)"
3470,"앞으로 돌진 (남자)"
3523," 벤치에 두 발 올려 글루트 브릿지(남자)"
3533," 사두근"
3541," 덤벨 인클라인 Y-레이즈"
3542," 덤벨 인클라인 티레이즈"
3543," 체중 드롭 점프 스쿼트"
3544," 체중 기울기 사이드 플랭크"
3545," 덤벨 인클라인 번갈아 프레스"
3546," 덤벨 앉은 자세 어깨 번갈아가며"
3547," 덤벨 시티드 바이셉스 컬 투 숄더 프레스"
3548," 덤벨 싱글 암 오버헤드 캐리"
3552," 빠른 발 v. 2"
3560," 덤벨 스탠딩 번갈아 해머 컬 및 프레스"
3561," 글루트 브릿지 행진곡"
3562," 바벨 글루트 브릿지 벤치에 두 다리 올려놓기 (남자)"
3563," 케이블 원암 풀다운"
3582," 점프와 함께 런지"
3635," 덤벨 반대측 전방 런지"
3636," 벽에 기대어 무릎을 높이 올리다"
3637," 휠 런"
3638," 달리기 위해 밀어붙이다"
3639," 무릎 굽힌 자세로 누워서 뒤틀기 (남자)"
3640," 무릎 터치 크런치"
3641," 스윙과 함께 무게 있는 무릎 꿇기 단계"
3642," 가중 스트레치 런지"
3643," 가중 코삭 스쿼트(남성)"
3644," 스윙을 이용한 가중 런지"
3645," 다리를 뻗은 채로 하는 싱글 레그 브릿지"
3655," 워킹 하이 니 런지"
3656," 짧은 걸음 달리기"
3662," 파이크-투-코브라 푸쉬업"
3663," 다리 리프트를 이용한 역플랭크"
3664," 리어 플라이가 있는 덤벨 사이드 플랭크"
3665," 파워포인트 플랭크"
3666," 경사 러닝머신에서 걷기"
3667," 옆으로 누워서 엉덩이를 내전(남성)"
3669," 스탠딩 아처"
3670," 가중 감소 시트업"
3671," 스키 스텝"
3672," 앞뒤로 한 걸음"
3697,"케이블 무릎 꿇기 리어 델트 로우 (로프 포함) (남성)"
3698," 인치웜 v.2"
3699," 어깨 두드리기"
3758," 레버 스탠딩 체스트 프레스"
3759," 레버 앉았어 좋은 아침"
3760," 레버 시티드 크런치 v.2"
3769," 커트시 스쿼트"
3785," 인클라인 푸쉬업(박스 위)"
3888," 덤벨 원암 스내치"
5201," 덤벨 웨이터 바이셉스 컬"
5202,"푸시업"
5205,"딥스"
5206,"한발 데드리프트"
5207,"벤치 프레스"